CRN,,,Cred,Gr,Class,Start,End,,Max,,Sts
Course-Sec,Course Title,Class Type,Hrs,Tp,Days,Time,Time,Instructor,Enrl,Enrl,Rmng
15784 ADMN-1030-01,ARCH EXP & PLAN ENGINEERING,SEM,0,SU,,** TBA **,,Bruce,500.0,83.0,417.0
15785 ADMN-1030-02,ARCH EXP & PLAN HUMANITIES,SEM,0,SU,,** TBA **,,Bruce,500.0,3.0,497.0
15786 ADMN-1030-03,ARCH EXP & PLAN ITWS/UNDECIDED,SEM,0,SU,,** TBA **,,Bruce,500.0,5.0,495.0
15787 ADMN-1030-04,ARCH EXP & PLAN MANAGEMENT,SEM,0,SU,,** TBA **,,Bruce,500.0,3.0,497.0
15788 ADMN-1030-05,ARCH EXP & PLAN SCIENCE,SEM,0,SU,,** TBA **,,Bruce,500.0,52.0,448.0
15486 ADMN-1824-01,STUDENT SUCCESS LABS,LEC,0,NG,W,1:00,1:50PM,Trzepacz,120.0,1.0,119.0
14908 ADMN-6600-01,SUMMER ADMINIST REGISTRATION,LEC,0,SU,,** TBA **,,Grega,700.0,621.0,79.0
15813 ADMN-6800-01,TA TRAINING SEMINAR,LEC,0,SU,,** TBA **,,Dunn,500.0,10.0,490.0
15413 ARCH-4770-01,ARCHITECTURAL DESIGN STUDIO 5,LEC,5,,M WR,2:00,5:50PM,Crembil,15.0,11.0,4.0
15769 ARCH-4770-02,ARCHITECTURAL DESIGN STUDIO 5,LEC,5,,M WR,2:00,5:50PM,Combs,15.0,8.0,7.0
15815 ARCH-4770-03,ARCHITECTURAL DESIGN STUDIO 5,LEC,5,,M WR,2:00,5:50PM,Virgil,15.0,11.0,4.0
15771 ARCH-4780-01,ARCHITECTURAL DESIGN STUDIO 6,LEC,5,,M WR,2:00,5:50PM,Crembil,15.0,1.0,14.0
15772 ARCH-4780-02,ARCHITECTURAL DESIGN STUDIO 6,LEC,5,,M WR,2:00,5:50PM,Combs,15.0,1.0,14.0
15816 ARCH-4780-03,ARCHITECTURAL DESIGN STUDIO 6,LEC,5,,M WR,2:00,5:50PM,Virgil,15.0,3.0,12.0
15770 ARCH-4820-01,INTEGRATED DESIGN SCHEMATIC,LEC,5,,M WR,2:00,5:50PM,Crandall,10.0,4.0,6.0
15031 ARCH-6990-03,MASTER'S THESIS,LEC,1-12,,,** TBA **,,Staff,10.0,0.0,10.0
15057 ARCH-6990-04,MASTER'S THESIS,LEC,1-12,,,** TBA **,,Staff,0.0,0.0,0.0
15240 ARCH-9990-01,ARCHITECTURE DISSERTATION,LEC,1-15,,,** TBA **,,Figueiro,10.0,0.0,10.0
15371 ARTS-1050-01,ART HISTORY,LEC,4,,M R,10:30,12:35PM,Wille Kiel,60.0,59.0,1.0
15688 ARTS-2020-01,MUSIC AND TECHNOLOGY 1,STU,4,,M R,8:00,10:05AM,Hamilton,19.0,20.0,-1.0
15778 ARTS-2540-01,THE MULTIMEDIA CENTURY,,4,,T F,8:00,10:05AM,Galloway,19.0,15.0,4.0
15739 ARTS-2750-01,PRIVATE MUSIC LESSONS: VIOLIN,,1,,,** TBA **,,Morey/Fisher-Loc,9.0,0.0,9.0
15740 ARTS-2750-02,PRIVATE MUSIC LESSONS: VIOLA,,1,,,** TBA **,,Morey/Fisher-Loc,9.0,0.0,9.0
15741 ARTS-2750-03,PRIVATE MUSIC LESSONS: FLUTE,,1,,,** TBA **,,Gerbino/Fisher-Loc,9.0,0.0,9.0
15742 ARTS-2750-04,PRIVATE MUSIC LESSONS: OBOE,,1,,,** TBA **,,Gerbino/Fisher-Loc,9.0,0.0,9.0
15743 ARTS-2750-05,PRIVATE MUSIC LESSONS:CLARINET,,1,,,** TBA **,,Gerbino/Fisher-Loc,9.0,1.0,8.0
15744 ARTS-2750-06,PRIVATE MUSIC LESSONS: SAX,,1,,,** TBA **,,Gerbino/Fisher-Loc,9.0,0.0,9.0
15745 ARTS-2750-07,PRIVATE MUSIC LESSONS: HARP,,1,,,** TBA **,,Caldicott/Fisher-Loc,9.0,0.0,9.0
15746 ARTS-2750-08,PRIVATEMUSICLESSONS:PERCUSSION,,1,,,** TBA **,,Francis/Fisher-Loc,9.0,0.0,9.0
15747 ARTS-2750-09,PRIVATE MUSIC LESSONS: VOICE,,1,,,** TBA **,,Harrigan/Fisher-Loc,9.0,1.0,8.0
15748 ARTS-2750-10,PRIVATE MUSIC LESSONS: TRUMPET,,1,,,** TBA **,,Williams/Fisher-Loc,9.0,3.0,6.0
15691 ARTS-2965-01,GAME SOUND & MUSICAL PLAY,LEC,4,,M R,8:00,10:05AM,Galloway,19.0,16.0,3.0
15693 ARTS-2967-01,VIDEO ART,STU,4,,,** TBA **,,Wille Kiel,16.0,12.0,4.0
15808 ARTS-4070-01,3D ANIMATION,,4,,,** TBA **,,Ruzanka,25.0,21.0,4.0
15483 ASTR-1960-01,"STARS, GALAXIES AND THE COSMOS",LEC,4,,M R,8:00,10:05AM,Martin,56.0,55.0,1.0
15777 ASTR-1960-02,"STARS, GALAXIES AND THE COSMOS",LEC,4,,M R,8:00,10:05AM,Martin,44.0,43.0,1.0
15348 ASTR-2120-01,EARTH AND SKY,LEC,4,,T F,8:00,10:05AM,Martin,0.0,49.0,-49.0
15474 ASTR-4220-01,ASTROPHYSICS,LEC,4,,M R,11:45,1:50PM,Ciolek,30.0,4.0,26.0
15338 BCBP-4760-01,MOLECULAR BIOCHEMISTRY I,LEC,4,,M R,10:30,12:35PM,Fraser,50.0,21.0,29.0
15170 BCBP-6990-01,MASTER'S THESIS,LEC,1-9,,,** TBA **,,Wang,10.0,0.0,10.0
15171 BCBP-9990-01,DISSERTATION,LEC,1-15,,,** TBA **,,Bystroff,10.0,0.0,10.0
15172 BCBP-9990-02,DISSERTATION,LEC,1-15,,,** TBA **,,Swank,0.0,0.0,0.0
15173 BCBP-9990-03,DISSERTATION,LEC,1-15,,,** TBA **,,Linhardt,10.0,0.0,10.0
15174 BCBP-9990-04,DISSERTATION,LEC,1-15,,,** TBA **,,Wang,10.0,0.0,10.0
15671 BIOL-2120-01,INTRODUCTION TO CELL BIOLOGY,LEC,4,,M R,10:30,12:35PM,Klein,16.0,7.0,9.0
15671 BIOL-2120-01,INTRODUCTION TO CELL BIOLOGY,LAB,,,T,12:30,4:30PM,Klein,,,
15337 BIOL-4760-01,MOLECULAR BIOCHEMISTRY I,LEC,4,,M R,10:30,12:35PM,Fraser,50.0,32.0,18.0
15789 BIOL-4961-01,TOPICS CANCER & AGING CELL BIO,LEC,4,,M R,1:30,3:35PM,Rutledge,12.0,12.0,0.0
15793 BIOL-4962-01,SPACE MICROBIOLOGY,LEC,4,,T F,1:30,3:35PM,Bonocora,8.0,5.0,3.0
15794 BIOL-4963-01,NEUROBIOLOGICAL DISEASES,LEC,4,,T F,1:30,3:35PM,Christian,6.0,7.0,-1.0
14909 BIOL-6990-01,MASTER'S THESIS,LEC,1-9,,,** TBA **,,Barquera,10.0,0.0,10.0
14910 BIOL-6990-02,MASTER'S THESIS,LEC,1-9,,,** TBA **,,Nierzwicki,10.0,0.0,10.0
15175 BIOL-6990-04,MASTER'S THESIS,LEC,1-9,,,** TBA **,,Ligon,10.0,0.0,10.0
15176 BIOL-6990-05,MASTER'S THESIS,LEC,1-9,,,** TBA **,,Bystroff,10.0,0.0,10.0
15177 BIOL-6990-07,MASTER'S THESIS,LEC,1-9,,,** TBA **,,Bjornsson,10.0,0.0,10.0
14912 BIOL-6990-09,MASTER'S THESIS,LEC,1-9,,,** TBA **,,Hanna,10.0,0.0,10.0
15178 BIOL-6990-10,MASTER'S THESIS,LEC,1-9,,,** TBA **,,Gilbert,10.0,0.0,10.0
15179 BIOL-6990-11,MASTER'S THESIS,LEC,1-9,,,** TBA **,,Linhardt,10.0,0.0,10.0
15180 BIOL-6990-12,MASTER'S THESIS,LEC,1-9,,,** TBA **,,Rutledge,10.0,0.0,10.0
15181 BIOL-6990-13,MASTER'S THESIS,LEC,1-9,,,** TBA **,,Swank,10.0,0.0,10.0
15182 BIOL-6990-14,MASTER'S THESIS,LEC,1-9,,,** TBA **,,Wang,10.0,0.0,10.0
14913 BIOL-9990-02,DISSERTATION,LEC,1-20,,,** TBA **,,Nierzwicki,10.0,0.0,10.0
15098 BIOL-9990-04,DISSERTATION,LEC,1-20,,,** TBA **,,Ligon,10.0,0.0,10.0
15183 BIOL-9990-05,DISSERTATION,LEC,1-20,,,** TBA **,,Dordick,10.0,0.0,10.0
14915 BIOL-9990-06,DISSERTATION,LEC,1-20,,,** TBA **,,Bystroff,10.0,0.0,10.0
15029 BIOL-9990-10,DISSERTATION,LEC,1-20,,,** TBA **,,Gilbert,10.0,0.0,10.0
15184 BIOL-9990-11,DISSERTATION,LEC,1-20,,,** TBA **,,Linhardt,10.0,0.0,10.0
15185 BIOL-9990-12,DISSERTATION,LEC,1-20,,,** TBA **,,Makhatadze,10.0,0.0,10.0
15186 BIOL-9990-13,DISSERTATION,LEC,1-20,,,** TBA **,,Swank,0.0,0.0,0.0
15187 BIOL-9990-14,DISSERTATION,LEC,1-20,,,** TBA **,,Wang,10.0,0.0,10.0
15451 BMED-2100-01,BIOMATERIALS SCI & ENGINEERING,LEC,4,,T F,10:30,12:35PM,Hahn,29.0,18.0,11.0
15297 BMED-4010-01,BIOMEDICAL ENGINEERING LAB,LEC,4,,W,9:00,11:00AM,Agarwal,12.0,9.0,3.0
15297 BMED-4010-01,BIOMEDICAL ENGINEERING LAB,LAB,,,T,1:30,4:30PM,Agarwal,,,
15336 BMED-4010-02,BIOMEDICAL ENGINEERING LAB,LEC,4,,W,9:00,11:00AM,Mohamed,12.0,8.0,4.0
15336 BMED-4010-02,BIOMEDICAL ENGINEERING LAB,LAB,,,R,1:30,4:30PM,Mohamed,,,
15538 BMED-4010-03,BIOMEDICAL ENGINEERING LAB,LAB,4,,W,1:30,4:30PM,Agarwal,12.0,12.0,0.0
15538 BMED-4010-03,BIOMEDICAL ENGINEERING LAB,LEC,,,W,9:00,11:00AM,Agarwal,,,
15265 BMED-4200-01,MODELING OF BIOMEDICAL SYSTEMS,LEC,4,,T F,1:30,3:35PM,Kruger,28.0,28.0,0.0
15449 BMED-4200-02,MODELING OF BIOMEDICAL SYSTEMS,LEC,4,,M R,1:30,3:35PM,Kruger,39.0,37.0,2.0
15450 BMED-4580-01,BIOMEDICAL FLUID MECHANICS,LEC,3,,M R,10:30,12:35PM,Mohamed,29.0,2.0,27.0
15480 BMED-6580-01,BIOMEDICAL FLUID MECHANICS,LEC,3,,M R,10:30,12:35PM,Mohamed,29.0,2.0,27.0
14919 BMED-6990-01,MASTER'S THESIS,LEC,1-9,,,** TBA **,,Ledet,25.0,0.0,25.0
14920 BMED-6990-02,MASTER'S THESIS,LEC,1-9,,,** TBA **,,Brunski,25.0,0.0,25.0
14921 BMED-6990-03,MASTER'S THESIS,LEC,1-9,,,** TBA **,,Vashishth,25.0,0.0,25.0
14922 BMED-9990-01,DISSERTATION,LEC,1-15,,,** TBA **,,Brunski,25.0,0.0,25.0
14923 BMED-9990-02,DISSERTATION,LEC,1-15,,,** TBA **,,Vashishth,25.0,0.0,25.0
15194 CHEM-2930-01,OUT-OF-CLASSROOM EXPERIENCE,LEC,1-4,SU,,** TBA **,,Bailey,1.0,0.0,1.0
15440 CHEM-4010-01,INORGANIC CHEMISTRY II,LEC,3,,T F,1:30,3:35PM,Bonitatibu,10.0,10.0,0.0
15439 CHEM-4410-01,MACROSCOPIC PHYSICAL CHEMISTRY,LEC,3,,M R,8:30,10:05AM,Korenowski,40.0,11.0,29.0
15438 CHEM-4440-01,PHYSICAL CHEM FOR LIFE SCIENCE,LEC,4,,M R,8:30,10:05AM,Bello/Korenowski,40.0,20.0,20.0
15339 CHEM-4760-01,MOLECULAR BIOCHEMISTRY I,LEC,4,,M R,10:30,12:35PM,Fraser,50.0,19.0,31.0
15300 CHME-4010-01,TRANSPORT PHENOMENA I,LEC,4,,T F,8:00,10:05AM,Baysal,60.0,36.0,24.0
15430 CHME-4020-01,TRANSPORT PHENOMENA II,LEC,4,,T F,8:00,10:05AM,Plawsky/Woodcock,40.0,13.0,27.0
15301 CHME-4030-01,CHEM PROCESS DYNAMICS & CNTRL,LEC,4,,M R,6:00,8:05PM,Hedden/Titus,80.0,49.0,31.0
15799 CHME-4962-01,MOLECULAR MODEL & SIMULATIONS,LEC,2,,M,8:00,10:05AM,Baysal,30.0,11.0,19.0
15374 CHME-4966-01,CHEMICAL ENGINEERING PRO SIMUL,LEC,3,,T F,10:15,11:50AM,Baysal,40.0,18.0,22.0
15800 CHME-4968-01,FINITE ELEMENT SIMULATION CHME,LEC,2,,T,6:00,8:05PM,Plawsky/Woodcock,30.0,18.0,12.0
14876 CHME-6990-01,MASTERS THESIS,LEC,1-12,,,** TBA **,,Colon,25.0,0.0,25.0
14877 CHME-9990-01,DISSERTATION,LEC,1-15,,,** TBA **,,Colon,25.0,0.0,25.0
15047 CHME-9990-02,DISSERTATION,,1-15,,,** TBA **,,Belfort,25.0,0.0,25.0
15108 CHME-9990-05,DISSERTATION,LEC,1-15,,,** TBA **,,Plawsky,5.0,0.0,5.0
14889 CIVL-6990-01,MASTERS THESIS,LEC,1-12,,,** TBA **,,Symans,25.0,0.0,25.0
14896 CIVL-6990-02,MASTER'S THESIS,LEC,1-12,,,** TBA **,,Letchford,25.0,0.0,25.0
15278 CIVL-6990-03,MASTER'S THESIS,LEC,1-12,,,** TBA **,,Abdoun,10.0,0.0,10.0
14890 CIVL-9990-01,DISSERTATION,LEC,1-15,,,** TBA **,,Symans,25.0,0.0,25.0
15021 CIVL-9990-02,DISSERTATION,,1-15,,,** TBA **,,Abdoun,25.0,0.0,25.0
15329 COGS-4360-01,BEHAVIORAL NEUROSCIENCE,LEC,4,,M R,1:30,3:35PM,Walf,19.0,2.0,17.0
15476 COGS-4600-01,COGNITION AND THE BRAIN,LEC,4,,M R,10:30,12:35PM,Walf,19.0,9.0,10.0
15539 COGS-4962-01,AI IN FICTION AND FACT,LEC,4,,M R,1:30,3:35PM,Hendler/Seneviratn,15.0,8.0,7.0
15017 CSCI-1100-01,COMPUTER SCIENCE I,LEC,4,,M R,10:30,12:10PM,Mushtaque/Hulbert,36.0,36.0,0.0
15017 CSCI-1100-01,COMPUTER SCIENCE I,LAB,,,W,10:30,12:35PM,Staff,,,
15017 CSCI-1100-01,COMPUTER SCIENCE I,TES,,,R,4:00,6:05PM,Staff,,,
15423 CSCI-1100-02,COMPUTER SCIENCE I,LEC,4,,M R,10:30,12:10PM,Mushtaque/Hulbert,36.0,9.0,27.0
15423 CSCI-1100-02,COMPUTER SCIENCE I,LAB,,,W,10:30,12:35PM,Staff,,,
15423 CSCI-1100-02,COMPUTER SCIENCE I,TES,,,R,4:00,6:05PM,Staff,,,
15680 CSCI-2300-01,INTRODUCTION TO ALGORITHMS,LEC,4,,T F,10:30,12:35PM,Goldschmid/Hulbert,60.0,59.0,1.0
15680 CSCI-2300-01,INTRODUCTION TO ALGORITHMS,LAB,,,W,10:30,12:35PM,Staff,,,
15680 CSCI-2300-01,INTRODUCTION TO ALGORITHMS,TES,,,R,4:00,6:05PM,Staff,,,
15681 CSCI-2300-02,INTRODUCTION TO ALGORITHMS,LEC,4,,T F,10:30,12:35PM,Goldschmid/Hulbert,60.0,42.0,18.0
15681 CSCI-2300-02,INTRODUCTION TO ALGORITHMS,LAB,,,W,10:30,12:35PM,Staff,,,
15681 CSCI-2300-02,INTRODUCTION TO ALGORITHMS,TES,,,R,4:00,6:05PM,Staff,,,
15431 CSCI-2600-01,PRINCIPLES OF SOFTWARE,LEC,4,,M R,1:30,3:35PM,Kuzmin/Hulbert,120.0,117.0,3.0
15431 CSCI-2600-01,PRINCIPLES OF SOFTWARE,TES,,,R,6:30,8:30PM,Staff,,,
15677 CSCI-2960-01,RCOS,STU,1-4,,T F,1:30,3:35PM,Turner/Goldschmid,90.0,81.0,9.0
15424 CSCI-4210-01,OPERATING SYSTEMS,LEC,4,,M R,10:30,12:35PM,Goldschmid/Hulbert/Ho,200.0,117.0,83.0
15424 CSCI-4210-01,OPERATING SYSTEMS,TES,,,R,6:30,8:30PM,Staff,,,
15448 CSCI-4210-02,OPERATING SYSTEMS,LEC,4,,M R,1:30,3:35PM,Holzbauer/Hulbert/Gol,200.0,117.0,83.0
15448 CSCI-4210-02,OPERATING SYSTEMS,TES,,,R,6:30,8:30PM,Staff,,,
15679 CSCI-4230-01,CRYPT & NETWORK SECURITY I,LEC,4,,T F,1:30,3:35PM,Yener,100.0,69.0,31.0
15334 CSCI-4800-01,NUMERICAL COMPUTING,LEC,4,,T F,8:00,10:05AM,Zerbetto T,40.0,41.0,-1.0
15346 CSCI-4963-01,APPLICATION PROG USING JAVA,LEC,4,,M R,4:00,6:05PM,Kuzmin,100.0,67.0,33.0
15347 CSCI-4964-01,COMPUTER COMMUNICATION NETWORK,LEC,4,,T F,10:30,12:35PM,Holzbauer,100.0,37.0,63.0
15678 CSCI-4965-01,AI IN FICTION AND FACT,LEC,4,,M R,1:30,3:35PM,Hendler/Seneviratn,45.0,23.0,22.0
14878 CSCI-6980-01,MASTER'S PROJECT,LEC,1-9,SU,,** TBA **,,Zaki,25.0,0.0,25.0
14881 CSCI-6980-02,MASTER'S PROJECT,LEC,1-9,,,** TBA **,,Spooner,25.0,0.0,25.0
14899 CSCI-6980-03,MASTER'S PROJECT,LEC,1-9,SU,,** TBA **,,Hendler,25.0,0.0,25.0
15274 CSCI-6980-04,MASTER'S PROJECT,LEC,4,SU,,** TBA **,,Bringsjord,10.0,0.0,10.0
14935 CSCI-6980-34,MASTER'S PROJECT,LEC,1-9,SU,,** TBA **,,Milanova,20.0,0.0,20.0
14926 CSCI-6990-01,MASTERS THESIS,LEC,1-16,,,** TBA **,,Zaki,25.0,0.0,25.0
14927 CSCI-6990-02,MASTERS THESIS,LEC,1-16,,,** TBA **,,Spooner,25.0,0.0,25.0
15023 CSCI-6990-04,MASTERS THESIS,,1-16,,,** TBA **,,Varela,10.0,0.0,10.0
15082 CSCI-6990-06,MASTERS THESIS,LEC,1-16,,,** TBA **,,McGuinness,5.0,0.0,5.0
15197 CSCI-6990-08,MASTERS THESIS,LEC,1-16,,,** TBA **,,Carothers,5.0,0.0,5.0
15552 CSCI-6990-09,MASTERS THESIS,LEC,1-16,,,** TBA **,,Ji,10.0,0.0,10.0
15236 CSCI-6990-10,MASTERS THESIS,LEC,1-16,,,** TBA **,,Varela,10.0,0.0,10.0
15085 CSCI-6990-11,MASTERS THESIS,LEC,1-16,,,** TBA **,,Cutler,5.0,0.0,5.0
14955 CSCI-6990-16,MASTERS THESIS,LEC,1-16,,,** TBA **,,Szymanski,25.0,0.0,25.0
14936 CSCI-6990-34,MASTERS THESIS,LEC,1-16,,,** TBA **,,Milanova,20.0,0.0,20.0
14929 CSCI-9990-01,DISSERTATION,LEC,1-15,,,** TBA **,,Zaki,25.0,0.0,25.0
14906 CSCI-9990-02,DISSERTATION,LEC,1-15,,,** TBA **,,Spooner,0.0,0.0,0.0
14931 CSCI-9990-03,DISSERTATION,LEC,1-15,,,** TBA **,,Krishnamoo,25.0,0.0,25.0
15056 CSCI-9990-04,DISSERTATION,LEC,1-15,,,** TBA **,,Szymanski,25.0,0.0,25.0
15251 CSCI-9990-05,DISSERTATION,LEC,1-15,,,** TBA **,,McGuinness,10.0,2.0,8.0
15237 CSCI-9990-28,DISSERTATION,LEC,1-15,,,** TBA **,,Ji,5.0,0.0,5.0
14937 CSCI-9990-34,DISSERTATION,LEC,1-15,,,** TBA **,,Milanova,20.0,0.0,20.0
15331 ECON-2010-01,INTERMEDIATE MICROECON THEORY,LEC,4,,,** TBA **,,Jones,40.0,36.0,4.0
15651 ECSE-2010-01,ELECTRIC CIRCUITS,LEC,4,,T F,8:00,10:05AM,Sawyer,32.0,32.0,0.0
15651 ECSE-2010-01,ELECTRIC CIRCUITS,LAB,,,T,4:00,6:25PM,Staff,,,
15652 ECSE-2010-02,ELECTRIC CIRCUITS,LEC,4,,T F,8:00,10:05AM,Sawyer,32.0,33.0,-1.0
15652 ECSE-2010-02,ELECTRIC CIRCUITS,LAB,,,F,4:00,6:25PM,Staff,,,
15654 ECSE-2050-01,INTRODUCTION TO ELECTRONICS,LEC,4,,T F,8:00,10:05AM,Braunstein,42.0,38.0,4.0
15654 ECSE-2050-01,INTRODUCTION TO ELECTRONICS,LAB,,,T,1:30,3:55PM,Staff,,,
15655 ECSE-2050-02,INTRODUCTION TO ELECTRONICS,LEC,4,,T F,8:00,10:05AM,Braunstein,42.0,36.0,6.0
15655 ECSE-2050-02,INTRODUCTION TO ELECTRONICS,LAB,,,F,1:30,3:55PM,Staff,,,
15657 ECSE-2100-01,FIELDS AND WAVES I,LEC,4,,M R,8:00,10:05AM,Shah,32.0,24.0,8.0
15657 ECSE-2100-01,FIELDS AND WAVES I,LAB,,,M,1:30,3:55PM,Staff,,,
15658 ECSE-2100-02,FIELDS AND WAVES I,LEC,4,,M R,8:00,10:05AM,Shah,32.0,14.0,18.0
15658 ECSE-2100-02,FIELDS AND WAVES I,LAB,,,R,1:30,3:55PM,Staff,,,
15672 ECSE-2110-01,ELECTRICAL ENERGY SYSTEMS,LEC,3,,T F,10:30,12:05PM,Shah,40.0,35.0,5.0
15650 ECSE-2410-01,SIGNALS AND SYSTEMS,LEC,3,,M R,10:30,12:05PM,Hameed,100.0,103.0,-3.0
15653 ECSE-2500-01,ENGINEERING PROBABILITY,LEC,3,,T F,10:30,12:05PM,Tajer/Abouzeid,100.0,75.0,25.0
15673 ECSE-2610-01,COMPUTER COMPONENT & OPERATION,LEC,4,,M R,8:00,10:05AM,Hameed,36.0,26.0,10.0
15673 ECSE-2610-01,COMPUTER COMPONENT & OPERATION,LAB,,,M,1:30,3:55PM,Staff,,,
15820 ECSE-2960-01,PRACTICUM-COLLEGE TEACHING I,LEC,1,,,** TBA **,,Lu,3.0,0.0,3.0
15768 ECSE-2960-02,PRACTICUM-COLLEGE TEACHING II,LEC,2,,,** TBA **,,Lu,4.0,3.0,1.0
14893 ECSE-6980-01,MASTER'S PROJECT,LEC,1-16,SU,,** TBA **,,Schubert,25.0,0.0,25.0
14873 ECSE-6990-01,MASTERS THESIS,LEC,1-12,,,** TBA **,,Schubert,50.0,0.0,50.0
15038 ECSE-6990-02,MASTERS THESIS,,1-12,,,** TBA **,,Franklin,25.0,0.0,25.0
15145 ECSE-6990-04,MASTERS THESIS,LEC,1-12,,,** TBA **,,Woods,5.0,0.0,5.0
15159 ECSE-6990-05,MASTERS THESIS,LEC,1-12,,,** TBA **,,Bhat,10.0,0.0,10.0
15196 ECSE-6990-06,MASTERS THESIS,LEC,1-12,,,** TBA **,,Salon,10.0,0.0,10.0
15544 ECSE-6990-07,MASTERS THESIS,LEC,1-12,,,** TBA **,,Kar,5.0,0.0,5.0
15081 ECSE-6990-10,MASTERS THESIS,LEC,1-12,,,** TBA **,,Zhang,1.0,0.0,1.0
14988 ECSE-6990-24,MASTERS THESIS,LEC,1-12,,,** TBA **,,Lecoz,25.0,0.0,25.0
14947 ECSE-6990-35,MASTERS THESIS,LEC,1-12,,,** TBA **,,Chow,25.0,0.0,25.0
14994 ECSE-9990-05,DISSERTATION,LEC,1-18,,,** TBA **,,Shur,25.0,0.0,25.0
14987 ECSE-9990-46,DISSERTATION,LEC,1-18,,,** TBA **,,Huang,25.0,0.0,25.0
14862 ENGR-2050-01,INTRO ENGR DESIGN,LEC,4.0,,M R,10:30,12:35PM,Woodcock/Anderson/Kno,28.0,24.0,4.0
15247 ENGR-2050-02,INTRO ENGR DESIGN,LEC,4.0,,T F,10:30,12:35PM,LaGraff/Knowles/Ander,28.0,25.0,3.0
15316 ENGR-2050-03,INTRO ENGR DESIGN,LEC,4.0,,T F,8:00,10:05AM,LaGraff/Allard/Anders,32.0,27.0,5.0
15418 ENGR-2050-04,INTRO ENGR DESIGN,LEC,4.0,,M R,10:30,12:35PM,Korolov/Corron/Anders,28.0,20.0,8.0
15471 ENGR-2050-05,INTRO ENGR DESIGN,LEC,4.0,,M R,8:00,10:05AM,Alnaggar/Allard/Ander,32.0,32.0,0.0
15527 ENGR-2050-06,INTRO ENGR DESIGN,LEC,4.0,,T F,10:30,12:35PM,Ozisik/Gross/Anderson,28.0,15.0,13.0
15531 ENGR-2050-07,INTRO ENGR DESIGN,LEC,4.0,,M R,10:30,12:35PM,Wang/Anderson/Obiero,28.0,17.0,11.0
15271 ENGR-2090-01,ENGINEERING DYNAMICS,LEC,4.0,,T F,10:30,12:35PM,Taylor,62.0,61.0,1.0
15273 ENGR-2090-02,ENGINEERING DYNAMICS,LEC,4.0,,M R,1:30,3:35PM,Abdellatef,62.0,62.0,0.0
15661 ENGR-2300-01,ELECTRONIC INSTRUMENTATION,LEC,4.0,,M R,10:30,12:35PM,Braunstein,70.0,30.0,40.0
15661 ENGR-2300-01,ELECTRONIC INSTRUMENTATION,LAB,,,M,1:30,3:35PM,Staff,,,
15659 ENGR-2350-01,EMBEDDED CONTROL,LEC,4.0,,T F,10:30,12:35PM,Wilt,70.0,30.0,40.0
15659 ENGR-2350-01,EMBEDDED CONTROL,LAB,,,T,1:30,4:30PM,Staff,,,
15234 ENGR-2530-01,STRENGTH OF MATERIALS,LEC,4.0,,M R,8:00,10:05AM,El-Shafee/Abdellatef,50.0,23.0,27.0
15188 ENGR-2530-02,STRENGTH OF MATERIALS,LEC,4.0,,T F,8:00,10:05AM,El-Shafee/Abdellatef,50.0,19.0,31.0
14863 ENGR-2600-01,MOD & ANALYSIS UNCERTAIN,LEC,3.0,,M R,10:30,12:35PM,Aboul-Seou,50.0,27.0,23.0
15421 ENGR-2600-02,MOD & ANALYSIS UNCERTAINTY,LEC,3.0,,T F,10:30,12:35PM,Keblinski/Sundararam,50.0,34.0,16.0
15526 ENGR-2600-03,MODELING & ANALYSIS UNCERTAINT,LEC,3.0,,M R,1:30,3:35PM,Wang,50.0,22.0,28.0
15096 ENGR-4760-01,ENGINEERING ECONOMICS,LEC,3.0,,,** TBA **,,Foley/Aboul-Seou,75.0,74.0,1.0
15307 ENVE-4310-01,APPL HYDROLOGY & HYDRAULICS,LEC,4,,T F,8:00,10:05AM,Letchford,16.0,15.0,1.0
15307 ENVE-4310-01,APPL HYDROLOGY & HYDRAULICS,LAB,,,M,3:45,5:35PM,Letchford,,,
15326 ENVE-4310-02,APPL HYDROLOGY & HYDRAULICS,LEC,4,,T F,8:00,10:05AM,Letchford,16.0,17.0,-1.0
15326 ENVE-4310-02,APPL HYDROLOGY & HYDRAULICS,LAB,,,T,3:45,5:35PM,Letchford,,,
15327 ENVE-4310-03,APPL HYDROLOGY & HYDRAULICS,LEC,4,,T F,8:00,10:05AM,Letchford,16.0,12.0,4.0
15327 ENVE-4310-03,APPL HYDROLOGY & HYDRAULICS,LAB,,,R,3:45,5:35PM,Letchford,,,
15373 ENVE-4310-04,APPL HYDROLOGY & HYDRAULICS,LAB,4,,F,3:45,5:35PM,Letchford,16.0,4.0,12.0
15373 ENVE-4310-04,APPL HYDROLOGY & HYDRAULICS,LEC,,,T F,8:00,10:05AM,Letchford,,,
14986 ENVE-9990-02,DISSERTATION,LEC,1-15,,,** TBA **,,Kilduff,25.0,0.0,25.0
15782 ERTH-4180-01,ENVIRONMENTAL GEOLOGY,LEC,4,,T F,1:30,3:35PM,Cadieux,24.0,24.0,0.0
15254 ERTH-6980-01,MASTER'S PROJECT,LEC,1-9,SU,,** TBA **,,Rogers,5.0,0.0,5.0
15286 ERTH-6980-02,MASTER'S PROJECT,LEC,1-9,SU,,** TBA **,,Schaller,10.0,0.0,10.0
15054 ERTH-6990-01,MASTER'S THESIS,LEC,1-9,,,** TBA **,,Staff,25.0,0.0,25.0
14864 ERTH-6990-02,MASTER'S THESIS,LEC,1-9,,,** TBA **,,Watson,25.0,0.0,25.0
14989 ERTH-6990-05,MASTER'S THESIS,LEC,1-9,,,** TBA **,,Roecker,25.0,0.0,25.0
14865 ERTH-9990-02,DISSERTATION,LEC,1-15,,,** TBA **,,Watson,25.0,0.0,25.0
15667 GSAS-1040-01,ART FOR INTERACTIVE MEDIA,STU,4,,M R,1:30,3:35PM,Nideffer,5.0,2.0,3.0
15750 GSAS-1040-02,ART FOR INTERACTIVE MEDIA,,4,,M R,1:30,3:35PM,Nideffer,15.0,9.0,6.0
15696 GSAS-2540-01,INTRO TO GAME PROGRAMMING,LEC,4,,M R,1:30,3:35PM,Ameres,19.0,19.0,0.0
15719 GSAS-2962-01,ANALOG ROLE-PLAYING GAMES,LEC,4,,M R,1:30,3:35PM,Mizer,10.0,9.0,1.0
15720 GSAS-2962-02,ANALOG ROLE-PLAYING GAMES,LEC,4,,M R,1:30,3:35PM,Mizer,9.0,9.0,0.0
15724 GSAS-2965-01,INTRODUCTION TO WORLDBUILDING,LEC,4,,M R,10:30,12:35PM,Mizer,10.0,10.0,0.0
15725 GSAS-2965-02,INTRODUCTION TO WORLDBUILDING,LEC,4,,M R,10:30,12:35PM,Mizer,9.0,10.0,-1.0
15809 GSAS-4960-01,INTERMEDIATE GAME DESIGN,LEC,4,,,** TBA **,,Payen,25.0,13.0,12.0
15192 ISCI-9990-07,DISSERTATION,LEC,1-15,,,** TBA **,,Fox,10.0,1.0,9.0
15304 ISYE-4140-01,STATISTICAL ANALYSIS,LEC,4,,,** TBA **,,Aboul-Seou,50.0,31.0,19.0
15366 ISYE-4240-01,ENGR PROJ MANAGEMENT,LEC,3,,,** TBA **,,Foley,50.0,27.0,23.0
15305 ISYE-4600-01,OPERATIONS RESEARCH METHOD,LEC,4,,,** TBA **,,Foley,50.0,30.0,20.0
15367 ISYE-6980-01,MASTERS PROJECT,LEC,1-9,SU,,** TBA **,,Grabowski,10.0,0.0,10.0
15193 ISYE-6990-01,MASTER'S THESIS,LEC,1-9,,,** TBA **,,Wallace,1.0,0.0,1.0
15351 ISYE-6990-02,MASTER'S THESIS,LEC,1-9,,,** TBA **,,Mendonca,10.0,0.0,10.0
15352 ISYE-6990-03,MASTER'S THESIS,LEC,1-9,,,** TBA **,,Embrechts,10.0,0.0,10.0
15354 ISYE-6990-04,MASTER'S THESIS,LEC,1-9,,,** TBA **,,Foley,10.0,0.0,10.0
15356 ISYE-6990-05,MASTER'S THESIS,LEC,1-9,,,** TBA **,,Hsu,10.0,0.0,10.0
15358 ISYE-6990-06,MASTER'S THESIS,LEC,1-9,,,** TBA **,,Pazour,10.0,0.0,10.0
15360 ISYE-6990-07,MASTER'S THESIS,LEC,1-9,,,** TBA **,,Sharkey,10.0,0.0,10.0
15362 ISYE-6990-09,MASTER'S THESIS,LEC,1-9,,,** TBA **,,Aboul-Seou,10.0,0.0,10.0
15364 ISYE-6990-11,MASTER'S THESIS,LEC,1-9,,,** TBA **,,Goncalves,10.0,0.0,10.0
15313 ISYE-9990-01,DISSERTATION,LEC,1-15,,,** TBA **,,Mendonca,2.0,0.0,2.0
15350 ISYE-9990-02,DISSERTATION,LEC,1-15,,,** TBA **,,Wallace,10.0,0.0,10.0
15353 ISYE-9990-03,DISSERTATION,LEC,1-15,,,** TBA **,,Embrechts,10.0,0.0,10.0
15355 ISYE-9990-04,DISSERTATION,LEC,1-15,,,** TBA **,,Foley,10.0,0.0,10.0
15357 ISYE-9990-05,DISSERTATION,LEC,1-15,,,** TBA **,,Hsu,10.0,0.0,10.0
15359 ISYE-9990-06,DISSERTATION,LEC,1-15,,,** TBA **,,Pazour,10.0,0.0,10.0
15361 ISYE-9990-07,DISSERTATION,LEC,1-15,,,** TBA **,,Sharkey,10.0,0.0,10.0
15363 ISYE-9990-09,DISSERTATION,LEC,1-15,,,** TBA **,,Aboul-Seou,10.0,0.0,10.0
15545 ISYE-9990-10,DISSERTATION,LEC,1-15,,,** TBA **,,Schell,10.0,0.0,10.0
15365 ISYE-9990-11,DISSERTATION,LEC,1-15,,,** TBA **,,Goncalves,10.0,0.0,10.0
15368 ISYE-9990-12,DISSERTATION,LEC,1-15,,,** TBA **,,Grabowski,10.0,0.0,10.0
15802 ISYE-9990-13,DISSERTATION,LEC,1-15,,,** TBA **,,Bennett,10.0,1.0,9.0
15256 LGHT-6980-01,MASTER'S PROJECT,LEC,1-9,SU,,** TBA **,,Leslie,10.0,0.0,10.0
15263 LGHT-6980-02,MASTER'S PROJECT,LEC,1-9,SU,,** TBA **,,Brons,10.0,0.0,10.0
15482 LITR-4150-01,SCIENCE AND FICTION,LEC,4,,T F,1:30,3:35PM,Deery,19.0,23.0,-4.0
15665 MANE-2220-01,INVENTOR'S STUDIO 1,STU,4,,M R,8:00,10:05AM,Ghosh/Schierenbe,26.0,20.0,6.0
15666 MANE-2220-02,INVENTOR'S STUDIO 1,STU,4,,M R,10:30,12:35PM,Ghosh/Schierenbe,26.0,20.0,6.0
15408 MANE-2720-01,FLUID MECHANICS,LEC,3,,M R,8:00,10:05AM,Woodcock,80.0,75.0,5.0
15664 MANE-2720-02,FLUID MECHANICS,LEC,3,,M R,10:30,12:35PM,Borca-Tasc,80.0,43.0,37.0
15309 MANE-4030-01,ELEMENTS OF MECH DESIGN,LEC,4,,T F,8:00,10:05AM,Shahsavari/Maniatty,80.0,74.0,6.0
15441 MANE-4030-02,ELEMENTS OF MECH DESIGN,LEC,4,,T F,10:30,12:35PM,Shahsavari/Maniatty,80.0,54.0,26.0
14982 MANE-4050-01,MODELING AND CONTRL OF DYN SYS,LEC,4,,T F,1:30,3:35PM,Niemiec,7.0,9.0,-2.0
14982 MANE-4050-01,MODELING AND CONTRL OF DYN SYS,LAB,,,,** TBA **,,Staff,,,
15296 MANE-4060-01,AEROSPACE STRUC & MATERIALS,LEC,4,,M R,8:00,10:05AM,Shahsavari,50.0,28.0,22.0
15698 MANE-4060-02,AEROSPACE STRUC & MATERIALS,LEC,4,,M R,10:30,12:35PM,Kopsaftopo,55.0,51.0,4.0
15295 MANE-4070-01,AERODYNAMICS I,LEC,4,,T F,8:00,10:05AM,Haley,50.0,40.0,10.0
15701 MANE-4070-02,AERODYNAMICS I,LEC,4,,T F,10:30,12:35PM,Haley,50.0,33.0,17.0
15409 MANE-4240-01,INTRO TO FINITE ELEMENTS,LEC,3,,M R,10:30,12:35PM,Panneersel,50.0,23.0,27.0
15699 MANE-4240-02,INTRO TO FINITE ELEMENTS,LEC,3,,M R,1:30,3:35PM,Panneersel,50.0,22.0,28.0
15521 MANE-4500-01,MODELING AND CONTRL OF DYN SYS,LEC,3,,T F,10:30,12:35PM,Niemiec,60.0,31.0,29.0
15700 MANE-4500-02,MODELING AND CONTRL OF DYN SYS,LEC,3,,T F,1:30,3:35PM,Niemiec,65.0,64.0,1.0
15522 MANE-4730-01,HEAT TRANSFER,LEC,3,,T F,10:30,12:35PM,Borca Tasc,40.0,27.0,13.0
15281 MANE-4964-01,MANE SAFETY PROGRAM,LEC,0,NG,,** TBA **,,McDougall/De,50.0,1.0,49.0
15530 MANE-6980-01,MASTER'S PROJECT,,1-9,SU,,** TBA **,,Shi,5.0,0.0,5.0
15073 MANE-6980-02,MASTER'S PROJECT,LEC,1-9,SU,,** TBA **,,Zhang,5.0,0.0,5.0
15814 MANE-6980-03,MASTER'S PROJECT,LEC,1-9,SU,,** TBA **,,Kopsaftopo,10.0,1.0,9.0
14930 MANE-6990-01,MASTER'S THESIS,LEC,1-12,,,** TBA **,,Mishra,10.0,0.0,10.0
15068 MANE-6990-04,MASTER'S THESIS,LEC,1-12,,,** TBA **,,Zhang,3.0,1.0,2.0
15433 MATH-4090-01,FOUNDATIONS OF ANALYSIS,LEC,4,,T F,10:30,12:35PM,Kiehl/Stevenson,50.0,50.0,0.0
15685 MATH-4100-01,LINEAR ALGEBRA,LEC,4,,M R,10:30,12:35PM,Kovacic,140.0,154.0,-14.0
15687 MATH-4300-01,INTRO TO COMPLEX VARIABLES,LEC,4,,M R,1:30,3:35PM,Holmes/Stevenson,60.0,64.0,-4.0
15683 MATH-4600-01,ADVANCED CALCULUS,LEC,4,,M R,8:00,10:05AM,Boudjelkha,40.0,42.0,-2.0
15684 MATH-4800-01,NUMERICAL COMPUTING,LEC,4,,T F,8:00,10:05AM,Zerbetto T,40.0,46.0,-6.0
14897 MATH-6970-01,MASTER'S PRACTICUM IN MATH,LEC,0,,,** TBA **,,Schwendema,25.0,0.0,25.0
15276 MATH-6980-03,MASTER'S PROJECT,LEC,1-6,SU,,** TBA **,,Piper,10.0,0.0,10.0
15644 MGMT-2320-01,MANAGERIAL FINANCE,LEC,4,,M R,1:00,3:05PM,Mistry,55.0,44.0,11.0
15648 MGMT-4140-01,COMPUTER INFO SYSTEMS,LEC,4,,T F,1:00,3:05PM,Demertzogl,55.0,56.0,-1.0
15646 MGMT-4850-01,ORG BEHAVIOR IN HIGH PERF ORG,LEC,4,,M R,10:30,12:35PM,Zhao,55.0,47.0,8.0
15548 MGMT-4900-01,PRACTICUM IN MANAGEMENT,LEC,3,,W,6:00,9:20PM,Ballinger,15.0,7.0,8.0
15404 MGMT-6840-01,PRACTICUM IN MANAGEMENT,,3,,W,6:00,9:20PM,Ballinger,15.0,8.0,7.0
15160 MGMT-9990-01,DISSERTATION & RESEARCH,LEC,5,,,** TBA **,,Kuruzovich,1.0,0.0,1.0
15162 MGMT-9990-02,DISSERTATION,LEC,1-15,,,** TBA **,,Francis,10.0,0.0,10.0
15547 MGMT-9990-04,DISSERTATION,LEC,1-15,,,** TBA **,,Nevo,10.0,0.0,10.0
15248 MGMT-9990-10,DISSERTATION,LEC,1-15,,,** TBA **,,Kumar,10.0,0.0,10.0
15311 MTLE-4100-01,THERMODYNAMICS OF MATERIALS,LEC,4,,M R,10:30,12:35PM,Ozisik,50.0,13.0,37.0
15797 MTLE-4720-01,APP. MATH. METH. IN MATERIALS,LEC,3,,M R,1:30,3:35PM,Lewis,50.0,12.0,38.0
14887 MTLE-6980-02,MASTER'S PROJECT,LEC,1-12,,,** TBA **,,Ozisik,100.0,0.0,100.0
14949 MTLE-6980-03,MASTER'S PROJECT,LEC,1-12,SU,,** TBA **,,Duquette,25.0,0.0,25.0
15146 MTLE-6980-04,MASTER'S PROJECT,LEC,1-12,SU,,** TBA **,,Hull,5.0,0.0,5.0
14950 MTLE-6990-03,MASTER'S THESIS,LEC,1-15,,,** TBA **,,Duquette,25.0,0.0,25.0
15144 MTLE-6990-05,MASTER'S THESIS,LEC,1-15,,,** TBA **,,Hull,5.0,0.0,5.0
15088 MTLE-6990-09,MASTER'S THESIS,LEC,1-15,,,** TBA **,,Siegel,5.0,0.0,5.0
14933 MTLE-6990-14,MASTER'S THESIS,LEC,1-15,,,** TBA **,,Gall,25.0,0.0,25.0
14886 MTLE-9990-02,DISSERTATION,LEC,1-15,,,** TBA **,,Ozisik,100.0,0.0,100.0
14944 MTLE-9990-03,DISSERTATION,LEC,1-15,,,** TBA **,,Duquette,25.0,0.0,25.0
15053 MTLE-9990-04,DISSERTATION,LEC,1-15,,,** TBA **,,Gall,5.0,0.0,5.0
15087 MTLE-9990-09,DISSERTATION,LEC,1-15,,,** TBA **,,Siegel,5.0,0.0,5.0
15713 PHYS-2220-01,QUANTUM PHYSICS II,LEC,4.0,,T F,3:45,5:50PM,Persans,30.0,16.0,14.0
15790 PHYS-4210-01,ELECTROMAGNETIC THEORY,LEC,4.0,,W,1:00,2:50PM,Georg,100.0,17.0,83.0
15790 PHYS-4210-01,ELECTROMAGNETIC THEORY,LEC,,,F,4:00,5:50PM,Georg,,,
15791 PHYS-4420-01,THERMODYN & STAT MECH,LEC,4.0,,M W,4:00,5:50PM,Meunier,100.0,42.0,58.0
15282 PHYS-4960-01,ASTROPHYSICS,LEC,4.0,,M R,11:45,1:50PM,Ciolek,30.0,4.0,26.0
15810 PHYS-4961-01,ADV PHYSICS TEACHING PRACTICUM,LEC,2.0,,,** TBA **,,Persans,30.0,1.0,29.0
15136 PSYC-2730-01,SOCIAL PSYCHOLOGY,LEC,4,,,** TBA **,,VerWys,50.0,51.0,-1.0
15328 PSYC-4320-01,BEHAVIORAL NEUROSCIENCE,LEC,4,,M R,1:30,3:35PM,Walf,29.0,20.0,9.0
15137 PSYC-4400-01,PERSONALITY,LEC,4,,,** TBA **,,VerWys,50.0,50.0,0.0
15477 PSYC-4600-01,COGNITION & THE BRAIN,LEC,4,,M R,10:30,12:35PM,Walf,29.0,16.0,13.0
15708 STSH-2500-01,AMERICAN HISTORY,LEC,4,,T F,8:00,10:05AM,Tozzi,75.0,52.0,23.0
15697 STSH-2960-01,AFRICAN AMERICAN HISTORY,LEC,4,,T F,10:30,12:35PM,Sohasky,40.0,18.0,22.0
15753 STSH-4400-01,"MEDICINE, CULTURE & SOCIETY",,4,,M R,1:30,3:35PM,Cook,15.0,8.0,7.0
15755 STSH-4520-01,SOCIAL DEMO: SOCIETY BY NUMBER,,4,,T F,1:30,3:35PM,Cook,15.0,10.0,5.0
15735 STSH-4600-01,DESIGN & INNOVATION STUDIO A,STU,4,,M R,1:00,4:05PM,Costelloe-,25.0,15.0,10.0
15458 STSH-4961-01,GRASSROOTS SCIENCE,STU,4,,,** TBA **,,Schaffer,19.0,11.0,8.0
15716 STSH-4963-01,GENDER & RACE IN CULTURE,LEC,1,,W,7:00,9:50PM,Costelloe-,30.0,7.0,23.0
15717 STSH-4964-01,GENDER & SUSTAINABILITY,LEC,4,,T F,2:00,4:05PM,Costelloe-,19.0,5.0,14.0
15510 STSS-2520-01,SOCIOLOGY,LEC,4,,M R,8:00,10:05AM,Stanford,50.0,47.0,3.0
15551 STSS-2520-02,SOCIOLOGY,,4,,M R,5:00,7:05PM,Schaffer,29.0,29.0,0.0
15752 STSS-4400-01,"MEDICINE, CULTURE & SOCIETY",,4,,M R,1:30,3:35PM,Cook,15.0,11.0,4.0
15754 STSS-4520-01,SOCIAL DEMO: SOCIETY BY NUMBER,,4,,T F,1:30,3:35PM,Cook,15.0,11.0,4.0
15734 STSS-4600-01,DESIGN & INNOVATION STUDIO A,STU,4,,M R,1:00,4:05PM,Costelloe-,25.0,10.0,15.0
15457 STSS-4961-01,GRASSROOTS SCIENCE,STU,4,,,** TBA **,,Schaffer,19.0,8.0,11.0
15512 STSS-4962-01,GENDER & SUSTAINABILITY,LEC,4,,T F,2:00,4:05PM,Costelloe-,19.0,9.0,10.0
15715 STSS-4963-01,GENDER & RACE IN CULTURE,LEC,1,,W,7:00,9:50PM,Costelloe-,30.0,11.0,19.0
15718 STSS-4964-01,TECHNOLOGY & SOCIETY,LEC,4,,M R,10:30,12:35PM,Stanford,19.0,14.0,5.0
